{"cameraMode":{"drawMode":0,"name":"Shaded","section":"Shading Mode"},"sceneLighting":true,"audioPlay":false,"sceneViewState":{"showFog":true,"showMaterialUpdate":false,"showSkybox":true,"showFlares":true,"showImageEffects":true,"showParticleSystems":true},"in2DMode":false,"pivot":{"x":-24.197063446044923,"y":2.576542854309082,"z":0.24647153913974763},"rotation":{"x":0.027898402884602548,"y":0.9136288166046143,"z":-0.0653517097234726,"w":0.40088096261024477},"size":0.3474651277065277,"orthographic":false}