{"cameraMode":{"drawMode":0,"name":"Shaded","section":"Shading Mode"},"sceneLighting":true,"audioPlay":false,"sceneViewState":{"showFog":true,"showMaterialUpdate":false,"showSkybox":true,"showFlares":true,"showImageEffects":true,"showParticleSystems":true},"in2DMode":false,"pivot":{"x":869.3556518554688,"y":18.83987045288086,"z":-147.2281951904297},"rotation":{"x":-0.11078846454620362,"y":0.6160165071487427,"z":-0.08731316030025482,"w":-0.7752723693847656},"size":8.901420593261719,"orthographic":false}