{"cameraMode":{"drawMode":0,"name":"Shaded","section":"Shading Mode"},"sceneLighting":true,"audioPlay":false,"sceneViewState":{"showFog":true,"showMaterialUpdate":false,"showSkybox":true,"showFlares":true,"showImageEffects":true,"showParticleSystems":true},"in2DMode":false,"pivot":{"x":496.1195068359375,"y":-1.9198224544525147,"z":-62.956912994384769},"rotation":{"x":0.04772572219371796,"y":-0.940474808216095,"z":0.1486978977918625,"w":0.30188849568367007},"size":10.0,"orthographic":false}