{"cameraMode":{"drawMode":0,"name":"Shaded","section":"Shading Mode"},"sceneLighting":true,"audioPlay":false,"sceneViewState":{"showFog":true,"showMaterialUpdate":false,"showSkybox":true,"showFlares":true,"showImageEffects":true,"showParticleSystems":true},"in2DMode":false,"pivot":{"x":-23.000890731811525,"y":-0.4424450695514679,"z":-0.713107705116272},"rotation":{"x":-0.18074879050254823,"y":0.5310779809951782,"z":-0.11580682545900345,"w":-0.8198968172073364},"size":2.7867367267608644,"orthographic":false}