{"cameraMode":{"drawMode":0,"name":"Shaded","section":"Shading Mode"},"sceneLighting":true,"audioPlay":false,"sceneViewState":{"showFog":true,"showMaterialUpdate":false,"showSkybox":true,"showFlares":true,"showImageEffects":true,"showParticleSystems":true},"in2DMode":false,"pivot":{"x":396.33013916015627,"y":249.11952209472657,"z":669.0719604492188},"rotation":{"x":-0.23635683953762055,"y":-0.46787509322166445,"z":0.1317978799343109,"w":-0.8415016531944275},"size":2.7741072177886965,"orthographic":false}