{"cameraMode":{"drawMode":0,"name":"Shaded","section":"Shading Mode"},"sceneLighting":true,"audioPlay":false,"sceneViewState":{"showFog":true,"showMaterialUpdate":false,"showSkybox":true,"showFlares":true,"showImageEffects":true,"showParticleSystems":true},"in2DMode":false,"pivot":{"x":259.9073181152344,"y":65.67762756347656,"z":-98.19807434082031},"rotation":{"x":-0.31043729186058047,"y":0.6826266050338745,"z":-0.43959203362464907,"w":-0.49670979380607607},"size":41.37221145629883,"orthographic":false}