{"cameraMode":{"drawMode":0,"name":"Shaded","section":"Shading Mode"},"sceneLighting":true,"audioPlay":false,"sceneViewState":{"showFog":true,"showMaterialUpdate":false,"showSkybox":true,"showFlares":true,"showImageEffects":true,"showParticleSystems":true},"in2DMode":false,"pivot":{"x":-25.943212509155275,"y":1.4643882513046265,"z":-3.38891863822937},"rotation":{"x":-0.009406273253262043,"y":0.9800721406936646,"z":-0.19286726415157319,"w":-0.047568000853061679},"size":1.0271320343017579,"orthographic":false}