{"cameraMode":{"drawMode":0,"name":"Shaded","section":"Shading Mode"},"sceneLighting":false,"audioPlay":false,"sceneViewState":{"showFog":true,"showMaterialUpdate":false,"showSkybox":false,"showFlares":true,"showImageEffects":true,"showParticleSystems":true},"in2DMode":false,"pivot":{"x":8.940696716308594e-8,"y":0.7500001192092896,"z":0.0},"rotation":{"x":0.1310153752565384,"y":0.20251065492630006,"z":-0.03552844375371933,"w":0.9708421230316162},"size":1.078410267829895,"orthographic":false}