{"cameraMode":{"drawMode":0,"name":"Shaded","section":"Shading Mode"},"sceneLighting":true,"audioPlay":false,"sceneViewState":{"showFog":true,"showMaterialUpdate":false,"showSkybox":true,"showFlares":true,"showImageEffects":true,"showParticleSystems":true},"in2DMode":false,"pivot":{"x":322.5562744140625,"y":24.28032112121582,"z":-84.84400177001953},"rotation":{"x":0.12606225907802583,"y":0.7055463194847107,"z":-0.1198127418756485,"w":0.6886329650878906},"size":30.401479721069337,"orthographic":false}