{"cameraMode":{"drawMode":0,"name":"Shaded","section":"Shading Mode"},"sceneLighting":true,"audioPlay":false,"sceneViewState":{"showFog":true,"showMaterialUpdate":false,"showSkybox":true,"showFlares":true,"showImageEffects":true,"showParticleSystems":true},"in2DMode":false,"pivot":{"x":129.44142150878907,"y":597.7556762695313,"z":426.45245361328127},"rotation":{"x":-0.35069143772125246,"y":-0.3466779291629791,"z":0.14516299962997437,"w":-0.8586084842681885},"size":2.7741072177886965,"orthographic":false}