{"cameraMode":{"drawMode":0,"name":"Shaded","section":"Shading Mode"},"sceneLighting":true,"audioPlay":false,"sceneViewState":{"showFog":true,"showMaterialUpdate":false,"showSkybox":true,"showFlares":true,"showImageEffects":true,"showParticleSystems":true},"in2DMode":false,"pivot":{"x":504.6872863769531,"y":-2.670923948287964,"z":-36.851585388183597},"rotation":{"x":-0.1951829046010971,"y":0.05939149856567383,"z":-0.01184204500168562,"w":-0.9788982272148132},"size":10.0,"orthographic":false}