{"cameraMode":{"drawMode":0,"name":"Shaded","section":"Shading Mode"},"sceneLighting":true,"audioPlay":false,"sceneViewState":{"showFog":true,"showMaterialUpdate":false,"showSkybox":true,"showFlares":true,"showImageEffects":true,"showParticleSystems":true},"in2DMode":false,"pivot":{"x":-16.50765609741211,"y":1.01111900806427,"z":-10.683579444885254},"rotation":{"x":0.001044785720296204,"y":0.9312235116958618,"z":-0.003680652705952525,"w":0.36484968662261965},"size":2.7876977920532228,"orthographic":false}