{"cameraMode":{"drawMode":0,"name":"Shaded","section":"Shading Mode"},"sceneLighting":true,"audioPlay":false,"sceneViewState":{"showFog":true,"showMaterialUpdate":false,"showSkybox":true,"showFlares":true,"showImageEffects":true,"showParticleSystems":true},"in2DMode":false,"pivot":{"x":524.1121826171875,"y":64.36705017089844,"z":886.9035034179688},"rotation":{"x":0.0034175170585513117,"y":0.9553771615028381,"z":-0.2970993220806122,"w":0.008668269962072373},"size":1.8575087785720826,"orthographic":false}